,number,image_url
0,1,https://img.pokemondb.net/sprites/bank/normal/bulbasaur.png
1,2,https://img.pokemondb.net/sprites/bank/normal/ivysaur.png
2,3,https://img.pokemondb.net/sprites/bank/normal/venusaur.png
3,4,https://img.pokemondb.net/sprites/bank/normal/charmander.png
4,5,https://img.pokemondb.net/sprites/bank/normal/charmeleon.png
5,6,https://img.pokemondb.net/sprites/bank/normal/charizard.png
6,7,https://img.pokemondb.net/sprites/bank/normal/squirtle.png
7,8,https://img.pokemondb.net/sprites/bank/normal/wartortle.png
8,9,https://img.pokemondb.net/sprites/bank/normal/blastoise.png
9,10,https://img.pokemondb.net/sprites/bank/normal/caterpie.png
10,11,https://img.pokemondb.net/sprites/bank/normal/metapod.png
11,12,https://img.pokemondb.net/sprites/bank/normal/butterfree.png
12,13,https://img.pokemondb.net/sprites/bank/normal/weedle.png
13,14,https://img.pokemondb.net/sprites/bank/normal/kakuna.png
14,15,https://img.pokemondb.net/sprites/bank/normal/beedrill.png
15,16,https://img.pokemondb.net/sprites/bank/normal/pidgey.png
16,17,https://img.pokemondb.net/sprites/bank/normal/pidgeotto.png
17,18,https://img.pokemondb.net/sprites/bank/normal/pidgeot.png
18,19,https://img.pokemondb.net/sprites/bank/normal/rattata.png
19,20,https://img.pokemondb.net/sprites/bank/normal/raticate.png
20,21,https://img.pokemondb.net/sprites/bank/normal/spearow.png
21,22,https://img.pokemondb.net/sprites/bank/normal/fearow.png
22,23,https://img.pokemondb.net/sprites/bank/normal/ekans.png
23,24,https://img.pokemondb.net/sprites/bank/normal/arbok.png
24,25,https://img.pokemondb.net/sprites/bank/normal/pikachu.png
25,26,https://img.pokemondb.net/sprites/bank/normal/raichu.png
26,27,https://img.pokemondb.net/sprites/bank/normal/sandshrew.png
27,28,https://img.pokemondb.net/sprites/bank/normal/sandslash.png
28,29,https://img.pokemondb.net/sprites/bank/normal/nidoran-f.png
29,30,https://img.pokemondb.net/sprites/bank/normal/nidorina.png
30,31,https://img.pokemondb.net/sprites/bank/normal/nidoqueen.png
31,32,https://img.pokemondb.net/sprites/bank/normal/nidoran-m.png
32,33,https://img.pokemondb.net/sprites/bank/normal/nidorino.png
33,34,https://img.pokemondb.net/sprites/bank/normal/nidoking.png
34,35,https://img.pokemondb.net/sprites/bank/normal/clefairy.png
35,36,https://img.pokemondb.net/sprites/bank/normal/clefable.png
36,37,https://img.pokemondb.net/sprites/bank/normal/vulpix.png
37,38,https://img.pokemondb.net/sprites/bank/normal/ninetales.png
38,39,https://img.pokemondb.net/sprites/bank/normal/jigglypuff.png
39,40,https://img.pokemondb.net/sprites/bank/normal/wigglytuff.png
40,41,https://img.pokemondb.net/sprites/bank/normal/zubat.png
41,42,https://img.pokemondb.net/sprites/bank/normal/golbat.png
42,43,https://img.pokemondb.net/sprites/bank/normal/oddish.png
43,44,https://img.pokemondb.net/sprites/bank/normal/gloom.png
44,45,https://img.pokemondb.net/sprites/bank/normal/vileplume.png
45,46,https://img.pokemondb.net/sprites/bank/normal/paras.png
46,47,https://img.pokemondb.net/sprites/bank/normal/parasect.png
47,48,https://img.pokemondb.net/sprites/bank/normal/venonat.png
48,49,https://img.pokemondb.net/sprites/bank/normal/venomoth.png
49,50,https://img.pokemondb.net/sprites/bank/normal/diglett.png
50,51,https://img.pokemondb.net/sprites/bank/normal/dugtrio.png
51,52,https://img.pokemondb.net/sprites/bank/normal/meowth.png
52,53,https://img.pokemondb.net/sprites/bank/normal/persian.png
53,54,https://img.pokemondb.net/sprites/bank/normal/psyduck.png
54,55,https://img.pokemondb.net/sprites/bank/normal/golduck.png
55,56,https://img.pokemondb.net/sprites/bank/normal/mankey.png
56,57,https://img.pokemondb.net/sprites/bank/normal/primeape.png
57,58,https://img.pokemondb.net/sprites/bank/normal/growlithe.png
58,59,https://img.pokemondb.net/sprites/bank/normal/arcanine.png
59,60,https://img.pokemondb.net/sprites/bank/normal/poliwag.png
60,61,https://img.pokemondb.net/sprites/bank/normal/poliwhirl.png
61,62,https://img.pokemondb.net/sprites/bank/normal/poliwrath.png
62,63,https://img.pokemondb.net/sprites/bank/normal/abra.png
63,64,https://img.pokemondb.net/sprites/bank/normal/kadabra.png
64,65,https://img.pokemondb.net/sprites/bank/normal/alakazam.png
65,66,https://img.pokemondb.net/sprites/bank/normal/machop.png
66,67,https://img.pokemondb.net/sprites/bank/normal/machoke.png
67,68,https://img.pokemondb.net/sprites/bank/normal/machamp.png
68,69,https://img.pokemondb.net/sprites/bank/normal/bellsprout.png
69,70,https://img.pokemondb.net/sprites/bank/normal/weepinbell.png
70,71,https://img.pokemondb.net/sprites/bank/normal/victreebel.png
71,72,https://img.pokemondb.net/sprites/bank/normal/tentacool.png
72,73,https://img.pokemondb.net/sprites/bank/normal/tentacruel.png
73,74,https://img.pokemondb.net/sprites/bank/normal/geodude.png
74,75,https://img.pokemondb.net/sprites/bank/normal/graveler.png
75,76,https://img.pokemondb.net/sprites/bank/normal/golem.png
76,77,https://img.pokemondb.net/sprites/bank/normal/ponyta.png
77,78,https://img.pokemondb.net/sprites/bank/normal/rapidash.png
78,79,https://img.pokemondb.net/sprites/bank/normal/slowpoke.png
79,80,https://img.pokemondb.net/sprites/bank/normal/slowbro.png
80,81,https://img.pokemondb.net/sprites/bank/normal/magnemite.png
81,82,https://img.pokemondb.net/sprites/bank/normal/magneton.png
82,83,https://img.pokemondb.net/sprites/bank/normal/farfetchd.png
83,84,https://img.pokemondb.net/sprites/bank/normal/doduo.png
84,85,https://img.pokemondb.net/sprites/bank/normal/dodrio.png
85,86,https://img.pokemondb.net/sprites/bank/normal/seel.png
86,87,https://img.pokemondb.net/sprites/bank/normal/dewgong.png
87,88,https://img.pokemondb.net/sprites/bank/normal/grimer.png
88,89,https://img.pokemondb.net/sprites/bank/normal/muk.png
89,90,https://img.pokemondb.net/sprites/bank/normal/shellder.png
90,91,https://img.pokemondb.net/sprites/bank/normal/cloyster.png
91,92,https://img.pokemondb.net/sprites/bank/normal/gastly.png
92,93,https://img.pokemondb.net/sprites/bank/normal/haunter.png
93,94,https://img.pokemondb.net/sprites/bank/normal/gengar.png
94,95,https://img.pokemondb.net/sprites/bank/normal/onix.png
95,96,https://img.pokemondb.net/sprites/bank/normal/drowzee.png
96,97,https://img.pokemondb.net/sprites/bank/normal/hypno.png
97,98,https://img.pokemondb.net/sprites/bank/normal/krabby.png
98,99,https://img.pokemondb.net/sprites/bank/normal/kingler.png
99,100,https://img.pokemondb.net/sprites/bank/normal/voltorb.png
100,101,https://img.pokemondb.net/sprites/bank/normal/electrode.png
101,102,https://img.pokemondb.net/sprites/bank/normal/exeggcute.png
102,103,https://img.pokemondb.net/sprites/bank/normal/exeggutor.png
103,104,https://img.pokemondb.net/sprites/bank/normal/cubone.png
104,105,https://img.pokemondb.net/sprites/bank/normal/marowak.png
105,106,https://img.pokemondb.net/sprites/bank/normal/hitmonlee.png
106,107,https://img.pokemondb.net/sprites/bank/normal/hitmonchan.png
107,108,https://img.pokemondb.net/sprites/bank/normal/lickitung.png
108,109,https://img.pokemondb.net/sprites/bank/normal/koffing.png
109,110,https://img.pokemondb.net/sprites/bank/normal/weezing.png
110,111,https://img.pokemondb.net/sprites/bank/normal/rhyhorn.png
111,112,https://img.pokemondb.net/sprites/bank/normal/rhydon.png
112,113,https://img.pokemondb.net/sprites/bank/normal/chansey.png
113,114,https://img.pokemondb.net/sprites/bank/normal/tangela.png
114,115,https://img.pokemondb.net/sprites/bank/normal/kangaskhan.png
115,116,https://img.pokemondb.net/sprites/bank/normal/horsea.png
116,117,https://img.pokemondb.net/sprites/bank/normal/seadra.png
117,118,https://img.pokemondb.net/sprites/bank/normal/goldeen.png
118,119,https://img.pokemondb.net/sprites/bank/normal/seaking.png
119,120,https://img.pokemondb.net/sprites/bank/normal/staryu.png
120,121,https://img.pokemondb.net/sprites/bank/normal/starmie.png
121,122,https://img.pokemondb.net/sprites/bank/normal/mr-mime.png
122,123,https://img.pokemondb.net/sprites/bank/normal/scyther.png
123,124,https://img.pokemondb.net/sprites/bank/normal/jynx.png
124,125,https://img.pokemondb.net/sprites/bank/normal/electabuzz.png
125,126,https://img.pokemondb.net/sprites/bank/normal/magmar.png
126,127,https://img.pokemondb.net/sprites/bank/normal/pinsir.png
127,128,https://img.pokemondb.net/sprites/bank/normal/tauros.png
128,129,https://img.pokemondb.net/sprites/bank/normal/magikarp.png
129,130,https://img.pokemondb.net/sprites/bank/normal/gyarados.png
130,131,https://img.pokemondb.net/sprites/bank/normal/lapras.png
131,132,https://img.pokemondb.net/sprites/bank/normal/ditto.png
132,133,https://img.pokemondb.net/sprites/bank/normal/eevee.png
133,134,https://img.pokemondb.net/sprites/bank/normal/vaporeon.png
134,135,https://img.pokemondb.net/sprites/bank/normal/jolteon.png
135,136,https://img.pokemondb.net/sprites/bank/normal/flareon.png
136,137,https://img.pokemondb.net/sprites/bank/normal/porygon.png
137,138,https://img.pokemondb.net/sprites/bank/normal/omanyte.png
138,139,https://img.pokemondb.net/sprites/bank/normal/omastar.png
139,140,https://img.pokemondb.net/sprites/bank/normal/kabuto.png
140,141,https://img.pokemondb.net/sprites/bank/normal/kabutops.png
141,142,https://img.pokemondb.net/sprites/bank/normal/aerodactyl.png
142,143,https://img.pokemondb.net/sprites/bank/normal/snorlax.png
143,144,https://img.pokemondb.net/sprites/bank/normal/articuno.png
144,145,https://img.pokemondb.net/sprites/bank/normal/zapdos.png
145,146,https://img.pokemondb.net/sprites/bank/normal/moltres.png
146,147,https://img.pokemondb.net/sprites/bank/normal/dratini.png
147,148,https://img.pokemondb.net/sprites/bank/normal/dragonair.png
148,149,https://img.pokemondb.net/sprites/bank/normal/dragonite.png
149,150,https://img.pokemondb.net/sprites/bank/normal/mewtwo.png
150,151,https://img.pokemondb.net/sprites/bank/normal/mew.png
151,152,https://img.pokemondb.net/sprites/bank/normal/chikorita.png
152,153,https://img.pokemondb.net/sprites/bank/normal/bayleef.png
153,154,https://img.pokemondb.net/sprites/bank/normal/meganium.png
154,155,https://img.pokemondb.net/sprites/bank/normal/cyndaquil.png
155,156,https://img.pokemondb.net/sprites/bank/normal/quilava.png
156,157,https://img.pokemondb.net/sprites/bank/normal/typhlosion.png
157,158,https://img.pokemondb.net/sprites/bank/normal/totodile.png
158,159,https://img.pokemondb.net/sprites/bank/normal/croconaw.png
159,160,https://img.pokemondb.net/sprites/bank/normal/feraligatr.png
160,161,https://img.pokemondb.net/sprites/bank/normal/sentret.png
161,162,https://img.pokemondb.net/sprites/bank/normal/furret.png
162,163,https://img.pokemondb.net/sprites/bank/normal/hoothoot.png
163,164,https://img.pokemondb.net/sprites/bank/normal/noctowl.png
164,165,https://img.pokemondb.net/sprites/bank/normal/ledyba.png
165,166,https://img.pokemondb.net/sprites/bank/normal/ledian.png
166,167,https://img.pokemondb.net/sprites/bank/normal/spinarak.png
167,168,https://img.pokemondb.net/sprites/bank/normal/ariados.png
168,169,https://img.pokemondb.net/sprites/bank/normal/crobat.png
169,170,https://img.pokemondb.net/sprites/bank/normal/chinchou.png
170,171,https://img.pokemondb.net/sprites/bank/normal/lanturn.png
171,172,https://img.pokemondb.net/sprites/bank/normal/pichu.png
172,173,https://img.pokemondb.net/sprites/bank/normal/cleffa.png
173,174,https://img.pokemondb.net/sprites/bank/normal/igglybuff.png
174,175,https://img.pokemondb.net/sprites/bank/normal/togepi.png
175,176,https://img.pokemondb.net/sprites/bank/normal/togetic.png
176,177,https://img.pokemondb.net/sprites/bank/normal/natu.png
177,178,https://img.pokemondb.net/sprites/bank/normal/xatu.png
178,179,https://img.pokemondb.net/sprites/bank/normal/mareep.png
179,180,https://img.pokemondb.net/sprites/bank/normal/flaaffy.png
180,181,https://img.pokemondb.net/sprites/bank/normal/ampharos.png
181,182,https://img.pokemondb.net/sprites/bank/normal/bellossom.png
182,183,https://img.pokemondb.net/sprites/bank/normal/marill.png
183,184,https://img.pokemondb.net/sprites/bank/normal/azumarill.png
184,185,https://img.pokemondb.net/sprites/bank/normal/sudowoodo.png
185,186,https://img.pokemondb.net/sprites/bank/normal/politoed.png
186,187,https://img.pokemondb.net/sprites/bank/normal/hoppip.png
187,188,https://img.pokemondb.net/sprites/bank/normal/skiploom.png
188,189,https://img.pokemondb.net/sprites/bank/normal/jumpluff.png
189,190,https://img.pokemondb.net/sprites/bank/normal/aipom.png
190,191,https://img.pokemondb.net/sprites/bank/normal/sunkern.png
191,192,https://img.pokemondb.net/sprites/bank/normal/sunflora.png
192,193,https://img.pokemondb.net/sprites/bank/normal/yanma.png
193,194,https://img.pokemondb.net/sprites/bank/normal/wooper.png
194,195,https://img.pokemondb.net/sprites/bank/normal/quagsire.png
195,196,https://img.pokemondb.net/sprites/bank/normal/espeon.png
196,197,https://img.pokemondb.net/sprites/bank/normal/umbreon.png
197,198,https://img.pokemondb.net/sprites/bank/normal/murkrow.png
198,199,https://img.pokemondb.net/sprites/bank/normal/slowking.png
199,200,https://img.pokemondb.net/sprites/bank/normal/misdreavus.png
200,201,https://img.pokemondb.net/sprites/bank/normal/unown.png
201,202,https://img.pokemondb.net/sprites/bank/normal/wobbuffet.png
202,203,https://img.pokemondb.net/sprites/bank/normal/girafarig.png
203,204,https://img.pokemondb.net/sprites/bank/normal/pineco.png
204,205,https://img.pokemondb.net/sprites/bank/normal/forretress.png
205,206,https://img.pokemondb.net/sprites/bank/normal/dunsparce.png
206,207,https://img.pokemondb.net/sprites/bank/normal/gligar.png
207,208,https://img.pokemondb.net/sprites/bank/normal/steelix.png
208,209,https://img.pokemondb.net/sprites/bank/normal/snubbull.png
209,210,https://img.pokemondb.net/sprites/bank/normal/granbull.png
210,211,https://img.pokemondb.net/sprites/bank/normal/qwilfish.png
211,212,https://img.pokemondb.net/sprites/bank/normal/scizor.png
212,213,https://img.pokemondb.net/sprites/bank/normal/shuckle.png
213,214,https://img.pokemondb.net/sprites/bank/normal/heracross.png
214,215,https://img.pokemondb.net/sprites/bank/normal/sneasel.png
215,216,https://img.pokemondb.net/sprites/bank/normal/teddiursa.png
216,217,https://img.pokemondb.net/sprites/bank/normal/ursaring.png
217,218,https://img.pokemondb.net/sprites/bank/normal/slugma.png
218,219,https://img.pokemondb.net/sprites/bank/normal/magcargo.png
219,220,https://img.pokemondb.net/sprites/bank/normal/swinub.png
220,221,https://img.pokemondb.net/sprites/bank/normal/piloswine.png
221,222,https://img.pokemondb.net/sprites/bank/normal/corsola.png
222,223,https://img.pokemondb.net/sprites/bank/normal/remoraid.png
223,224,https://img.pokemondb.net/sprites/bank/normal/octillery.png
224,225,https://img.pokemondb.net/sprites/bank/normal/delibird.png
225,226,https://img.pokemondb.net/sprites/bank/normal/mantine.png
226,227,https://img.pokemondb.net/sprites/bank/normal/skarmory.png
227,228,https://img.pokemondb.net/sprites/bank/normal/houndour.png
228,229,https://img.pokemondb.net/sprites/bank/normal/houndoom.png
229,230,https://img.pokemondb.net/sprites/bank/normal/kingdra.png
230,231,https://img.pokemondb.net/sprites/bank/normal/phanpy.png
231,232,https://img.pokemondb.net/sprites/bank/normal/donphan.png
232,233,https://img.pokemondb.net/sprites/bank/normal/porygon2.png
233,234,https://img.pokemondb.net/sprites/bank/normal/stantler.png
234,235,https://img.pokemondb.net/sprites/bank/normal/smeargle.png
235,236,https://img.pokemondb.net/sprites/bank/normal/tyrogue.png
236,237,https://img.pokemondb.net/sprites/bank/normal/hitmontop.png
237,238,https://img.pokemondb.net/sprites/bank/normal/smoochum.png
238,239,https://img.pokemondb.net/sprites/bank/normal/elekid.png
239,240,https://img.pokemondb.net/sprites/bank/normal/magby.png
240,241,https://img.pokemondb.net/sprites/bank/normal/miltank.png
241,242,https://img.pokemondb.net/sprites/bank/normal/blissey.png
242,243,https://img.pokemondb.net/sprites/bank/normal/raikou.png
243,244,https://img.pokemondb.net/sprites/bank/normal/entei.png
244,245,https://img.pokemondb.net/sprites/bank/normal/suicune.png
245,246,https://img.pokemondb.net/sprites/bank/normal/larvitar.png
246,247,https://img.pokemondb.net/sprites/bank/normal/pupitar.png
247,248,https://img.pokemondb.net/sprites/bank/normal/tyranitar.png
248,249,https://img.pokemondb.net/sprites/bank/normal/lugia.png
249,250,https://img.pokemondb.net/sprites/bank/normal/ho-oh.png
250,251,https://img.pokemondb.net/sprites/bank/normal/celebi.png
251,252,https://img.pokemondb.net/sprites/bank/normal/treecko.png
252,253,https://img.pokemondb.net/sprites/bank/normal/grovyle.png
253,254,https://img.pokemondb.net/sprites/bank/normal/sceptile.png
254,255,https://img.pokemondb.net/sprites/bank/normal/torchic.png
255,256,https://img.pokemondb.net/sprites/bank/normal/combusken.png
256,257,https://img.pokemondb.net/sprites/bank/normal/blaziken.png
257,258,https://img.pokemondb.net/sprites/bank/normal/mudkip.png
258,259,https://img.pokemondb.net/sprites/bank/normal/marshtomp.png
259,260,https://img.pokemondb.net/sprites/bank/normal/swampert.png
260,261,https://img.pokemondb.net/sprites/bank/normal/poochyena.png
261,262,https://img.pokemondb.net/sprites/bank/normal/mightyena.png
262,263,https://img.pokemondb.net/sprites/bank/normal/zigzagoon.png
263,264,https://img.pokemondb.net/sprites/bank/normal/linoone.png
264,265,https://img.pokemondb.net/sprites/bank/normal/wurmple.png
265,266,https://img.pokemondb.net/sprites/bank/normal/silcoon.png
266,267,https://img.pokemondb.net/sprites/bank/normal/beautifly.png
267,268,https://img.pokemondb.net/sprites/bank/normal/cascoon.png
268,269,https://img.pokemondb.net/sprites/bank/normal/dustox.png
269,270,https://img.pokemondb.net/sprites/bank/normal/lotad.png
270,271,https://img.pokemondb.net/sprites/bank/normal/lombre.png
271,272,https://img.pokemondb.net/sprites/bank/normal/ludicolo.png
272,273,https://img.pokemondb.net/sprites/bank/normal/seedot.png
273,274,https://img.pokemondb.net/sprites/bank/normal/nuzleaf.png
274,275,https://img.pokemondb.net/sprites/bank/normal/shiftry.png
275,276,https://img.pokemondb.net/sprites/bank/normal/taillow.png
276,277,https://img.pokemondb.net/sprites/bank/normal/swellow.png
277,278,https://img.pokemondb.net/sprites/bank/normal/wingull.png
278,279,https://img.pokemondb.net/sprites/bank/normal/pelipper.png
279,280,https://img.pokemondb.net/sprites/bank/normal/ralts.png
280,281,https://img.pokemondb.net/sprites/bank/normal/kirlia.png
281,282,https://img.pokemondb.net/sprites/bank/normal/gardevoir.png
282,283,https://img.pokemondb.net/sprites/bank/normal/surskit.png
283,284,https://img.pokemondb.net/sprites/bank/normal/masquerain.png
284,285,https://img.pokemondb.net/sprites/bank/normal/shroomish.png
285,286,https://img.pokemondb.net/sprites/bank/normal/breloom.png
286,287,https://img.pokemondb.net/sprites/bank/normal/slakoth.png
287,288,https://img.pokemondb.net/sprites/bank/normal/vigoroth.png
288,289,https://img.pokemondb.net/sprites/bank/normal/slaking.png
289,290,https://img.pokemondb.net/sprites/bank/normal/nincada.png
290,291,https://img.pokemondb.net/sprites/bank/normal/ninjask.png
291,292,https://img.pokemondb.net/sprites/bank/normal/shedinja.png
292,293,https://img.pokemondb.net/sprites/bank/normal/whismur.png
293,294,https://img.pokemondb.net/sprites/bank/normal/loudred.png
294,295,https://img.pokemondb.net/sprites/bank/normal/exploud.png
295,296,https://img.pokemondb.net/sprites/bank/normal/makuhita.png
296,297,https://img.pokemondb.net/sprites/bank/normal/hariyama.png
297,298,https://img.pokemondb.net/sprites/bank/normal/azurill.png
298,299,https://img.pokemondb.net/sprites/bank/normal/nosepass.png
299,300,https://img.pokemondb.net/sprites/bank/normal/skitty.png
300,301,https://img.pokemondb.net/sprites/bank/normal/delcatty.png
301,302,https://img.pokemondb.net/sprites/bank/normal/sableye.png
302,303,https://img.pokemondb.net/sprites/bank/normal/mawile.png
303,304,https://img.pokemondb.net/sprites/bank/normal/aron.png
304,305,https://img.pokemondb.net/sprites/bank/normal/lairon.png
305,306,https://img.pokemondb.net/sprites/bank/normal/aggron.png
306,307,https://img.pokemondb.net/sprites/bank/normal/meditite.png
307,308,https://img.pokemondb.net/sprites/bank/normal/medicham.png
308,309,https://img.pokemondb.net/sprites/bank/normal/electrike.png
309,310,https://img.pokemondb.net/sprites/bank/normal/manectric.png
310,311,https://img.pokemondb.net/sprites/bank/normal/plusle.png
311,312,https://img.pokemondb.net/sprites/bank/normal/minun.png
312,313,https://img.pokemondb.net/sprites/bank/normal/volbeat.png
313,314,https://img.pokemondb.net/sprites/bank/normal/illumise.png
314,315,https://img.pokemondb.net/sprites/bank/normal/roselia.png
315,316,https://img.pokemondb.net/sprites/bank/normal/gulpin.png
316,317,https://img.pokemondb.net/sprites/bank/normal/swalot.png
317,318,https://img.pokemondb.net/sprites/bank/normal/carvanha.png
318,319,https://img.pokemondb.net/sprites/bank/normal/sharpedo.png
319,320,https://img.pokemondb.net/sprites/bank/normal/wailmer.png
320,321,https://img.pokemondb.net/sprites/bank/normal/wailord.png
321,322,https://img.pokemondb.net/sprites/bank/normal/numel.png
322,323,https://img.pokemondb.net/sprites/bank/normal/camerupt.png
323,324,https://img.pokemondb.net/sprites/bank/normal/torkoal.png
324,325,https://img.pokemondb.net/sprites/bank/normal/spoink.png
325,326,https://img.pokemondb.net/sprites/bank/normal/grumpig.png
326,327,https://img.pokemondb.net/sprites/bank/normal/spinda.png
327,328,https://img.pokemondb.net/sprites/bank/normal/trapinch.png
328,329,https://img.pokemondb.net/sprites/bank/normal/vibrava.png
329,330,https://img.pokemondb.net/sprites/bank/normal/flygon.png
330,331,https://img.pokemondb.net/sprites/bank/normal/cacnea.png
331,332,https://img.pokemondb.net/sprites/bank/normal/cacturne.png
332,333,https://img.pokemondb.net/sprites/bank/normal/swablu.png
333,334,https://img.pokemondb.net/sprites/bank/normal/altaria.png
334,335,https://img.pokemondb.net/sprites/bank/normal/zangoose.png
335,336,https://img.pokemondb.net/sprites/bank/normal/seviper.png
336,337,https://img.pokemondb.net/sprites/bank/normal/lunatone.png
337,338,https://img.pokemondb.net/sprites/bank/normal/solrock.png
338,339,https://img.pokemondb.net/sprites/bank/normal/barboach.png
339,340,https://img.pokemondb.net/sprites/bank/normal/whiscash.png
340,341,https://img.pokemondb.net/sprites/bank/normal/corphish.png
341,342,https://img.pokemondb.net/sprites/bank/normal/crawdaunt.png
342,343,https://img.pokemondb.net/sprites/bank/normal/baltoy.png
343,344,https://img.pokemondb.net/sprites/bank/normal/claydol.png
344,345,https://img.pokemondb.net/sprites/bank/normal/lileep.png
345,346,https://img.pokemondb.net/sprites/bank/normal/cradily.png
346,347,https://img.pokemondb.net/sprites/bank/normal/anorith.png
347,348,https://img.pokemondb.net/sprites/bank/normal/armaldo.png
348,349,https://img.pokemondb.net/sprites/bank/normal/feebas.png
349,350,https://img.pokemondb.net/sprites/bank/normal/milotic.png
350,351,https://img.pokemondb.net/sprites/bank/normal/castform.png
351,352,https://img.pokemondb.net/sprites/bank/normal/kecleon.png
352,353,https://img.pokemondb.net/sprites/bank/normal/shuppet.png
353,354,https://img.pokemondb.net/sprites/bank/normal/banette.png
354,355,https://img.pokemondb.net/sprites/bank/normal/duskull.png
355,356,https://img.pokemondb.net/sprites/bank/normal/dusclops.png
356,357,https://img.pokemondb.net/sprites/bank/normal/tropius.png
357,358,https://img.pokemondb.net/sprites/bank/normal/chimecho.png
358,359,https://img.pokemondb.net/sprites/bank/normal/absol.png
359,360,https://img.pokemondb.net/sprites/bank/normal/wynaut.png
360,361,https://img.pokemondb.net/sprites/bank/normal/snorunt.png
361,362,https://img.pokemondb.net/sprites/bank/normal/glalie.png
362,363,https://img.pokemondb.net/sprites/bank/normal/spheal.png
363,364,https://img.pokemondb.net/sprites/bank/normal/sealeo.png
364,365,https://img.pokemondb.net/sprites/bank/normal/walrein.png
365,366,https://img.pokemondb.net/sprites/bank/normal/clamperl.png
366,367,https://img.pokemondb.net/sprites/bank/normal/huntail.png
367,368,https://img.pokemondb.net/sprites/bank/normal/gorebyss.png
368,369,https://img.pokemondb.net/sprites/bank/normal/relicanth.png
369,370,https://img.pokemondb.net/sprites/bank/normal/luvdisc.png
370,371,https://img.pokemondb.net/sprites/bank/normal/bagon.png
371,372,https://img.pokemondb.net/sprites/bank/normal/shelgon.png
372,373,https://img.pokemondb.net/sprites/bank/normal/salamence.png
373,374,https://img.pokemondb.net/sprites/bank/normal/beldum.png
374,375,https://img.pokemondb.net/sprites/bank/normal/metang.png
375,376,https://img.pokemondb.net/sprites/bank/normal/metagross.png
376,377,https://img.pokemondb.net/sprites/bank/normal/regirock.png
377,378,https://img.pokemondb.net/sprites/bank/normal/regice.png
378,379,https://img.pokemondb.net/sprites/bank/normal/registeel.png
379,380,https://img.pokemondb.net/sprites/bank/normal/latias.png
380,381,https://img.pokemondb.net/sprites/bank/normal/latios.png
381,382,https://img.pokemondb.net/sprites/bank/normal/kyogre.png
382,383,https://img.pokemondb.net/sprites/bank/normal/groudon.png
383,384,https://img.pokemondb.net/sprites/bank/normal/rayquaza.png
384,385,https://img.pokemondb.net/sprites/bank/normal/jirachi.png
385,386,https://img.pokemondb.net/sprites/bank/normal/deoxys.png
386,387,https://img.pokemondb.net/sprites/bank/normal/turtwig.png
387,388,https://img.pokemondb.net/sprites/bank/normal/grotle.png
388,389,https://img.pokemondb.net/sprites/bank/normal/torterra.png
389,390,https://img.pokemondb.net/sprites/bank/normal/chimchar.png
390,391,https://img.pokemondb.net/sprites/bank/normal/monferno.png
391,392,https://img.pokemondb.net/sprites/bank/normal/infernape.png
392,393,https://img.pokemondb.net/sprites/bank/normal/piplup.png
393,394,https://img.pokemondb.net/sprites/bank/normal/prinplup.png
394,395,https://img.pokemondb.net/sprites/bank/normal/empoleon.png
395,396,https://img.pokemondb.net/sprites/bank/normal/starly.png
396,397,https://img.pokemondb.net/sprites/bank/normal/staravia.png
397,398,https://img.pokemondb.net/sprites/bank/normal/staraptor.png
398,399,https://img.pokemondb.net/sprites/bank/normal/bidoof.png
399,400,https://img.pokemondb.net/sprites/bank/normal/bibarel.png
400,401,https://img.pokemondb.net/sprites/bank/normal/kricketot.png
401,402,https://img.pokemondb.net/sprites/bank/normal/kricketune.png
402,403,https://img.pokemondb.net/sprites/bank/normal/shinx.png
403,404,https://img.pokemondb.net/sprites/bank/normal/luxio.png
404,405,https://img.pokemondb.net/sprites/bank/normal/luxray.png
405,406,https://img.pokemondb.net/sprites/bank/normal/budew.png
406,407,https://img.pokemondb.net/sprites/bank/normal/roserade.png
407,408,https://img.pokemondb.net/sprites/bank/normal/cranidos.png
408,409,https://img.pokemondb.net/sprites/bank/normal/rampardos.png
409,410,https://img.pokemondb.net/sprites/bank/normal/shieldon.png
410,411,https://img.pokemondb.net/sprites/bank/normal/bastiodon.png
411,412,https://img.pokemondb.net/sprites/bank/normal/burmy.png
412,413,https://img.pokemondb.net/sprites/bank/normal/wormadam.png
413,414,https://img.pokemondb.net/sprites/bank/normal/mothim.png
414,415,https://img.pokemondb.net/sprites/bank/normal/combee.png
415,416,https://img.pokemondb.net/sprites/bank/normal/vespiquen.png
416,417,https://img.pokemondb.net/sprites/bank/normal/pachirisu.png
417,418,https://img.pokemondb.net/sprites/bank/normal/buizel.png
418,419,https://img.pokemondb.net/sprites/bank/normal/floatzel.png
419,420,https://img.pokemondb.net/sprites/bank/normal/cherubi.png
420,421,https://img.pokemondb.net/sprites/bank/normal/cherrim.png
421,422,https://img.pokemondb.net/sprites/bank/normal/shellos.png
422,423,https://img.pokemondb.net/sprites/bank/normal/gastrodon.png
423,424,https://img.pokemondb.net/sprites/bank/normal/ambipom.png
424,425,https://img.pokemondb.net/sprites/bank/normal/drifloon.png
425,426,https://img.pokemondb.net/sprites/bank/normal/drifblim.png
426,427,https://img.pokemondb.net/sprites/bank/normal/buneary.png
427,428,https://img.pokemondb.net/sprites/bank/normal/lopunny.png
428,429,https://img.pokemondb.net/sprites/bank/normal/mismagius.png
429,430,https://img.pokemondb.net/sprites/bank/normal/honchkrow.png
430,431,https://img.pokemondb.net/sprites/bank/normal/glameow.png
431,432,https://img.pokemondb.net/sprites/bank/normal/purugly.png
432,433,https://img.pokemondb.net/sprites/bank/normal/chingling.png
433,434,https://img.pokemondb.net/sprites/bank/normal/stunky.png
434,435,https://img.pokemondb.net/sprites/bank/normal/skuntank.png
435,436,https://img.pokemondb.net/sprites/bank/normal/bronzor.png
436,437,https://img.pokemondb.net/sprites/bank/normal/bronzong.png
437,438,https://img.pokemondb.net/sprites/bank/normal/bonsly.png
438,439,https://img.pokemondb.net/sprites/bank/normal/mime-jr.png
439,440,https://img.pokemondb.net/sprites/bank/normal/happiny.png
440,441,https://img.pokemondb.net/sprites/bank/normal/chatot.png
441,442,https://img.pokemondb.net/sprites/bank/normal/spiritomb.png
442,443,https://img.pokemondb.net/sprites/bank/normal/gible.png
443,444,https://img.pokemondb.net/sprites/bank/normal/gabite.png
444,445,https://img.pokemondb.net/sprites/bank/normal/garchomp.png
445,446,https://img.pokemondb.net/sprites/bank/normal/munchlax.png
446,447,https://img.pokemondb.net/sprites/bank/normal/riolu.png
447,448,https://img.pokemondb.net/sprites/bank/normal/lucario.png
448,449,https://img.pokemondb.net/sprites/bank/normal/hippopotas.png
449,450,https://img.pokemondb.net/sprites/bank/normal/hippowdon.png
450,451,https://img.pokemondb.net/sprites/bank/normal/skorupi.png
451,452,https://img.pokemondb.net/sprites/bank/normal/drapion.png
452,453,https://img.pokemondb.net/sprites/bank/normal/croagunk.png
453,454,https://img.pokemondb.net/sprites/bank/normal/toxicroak.png
454,455,https://img.pokemondb.net/sprites/bank/normal/carnivine.png
455,456,https://img.pokemondb.net/sprites/bank/normal/finneon.png
456,457,https://img.pokemondb.net/sprites/bank/normal/lumineon.png
457,458,https://img.pokemondb.net/sprites/bank/normal/mantyke.png
458,459,https://img.pokemondb.net/sprites/bank/normal/snover.png
459,460,https://img.pokemondb.net/sprites/bank/normal/abomasnow.png
460,461,https://img.pokemondb.net/sprites/bank/normal/weavile.png
461,462,https://img.pokemondb.net/sprites/bank/normal/magnezone.png
462,463,https://img.pokemondb.net/sprites/bank/normal/lickilicky.png
463,464,https://img.pokemondb.net/sprites/bank/normal/rhyperior.png
464,465,https://img.pokemondb.net/sprites/bank/normal/tangrowth.png
465,466,https://img.pokemondb.net/sprites/bank/normal/electivire.png
466,467,https://img.pokemondb.net/sprites/bank/normal/magmortar.png
467,468,https://img.pokemondb.net/sprites/bank/normal/togekiss.png
468,469,https://img.pokemondb.net/sprites/bank/normal/yanmega.png
469,470,https://img.pokemondb.net/sprites/bank/normal/leafeon.png
470,471,https://img.pokemondb.net/sprites/bank/normal/glaceon.png
471,472,https://img.pokemondb.net/sprites/bank/normal/gliscor.png
472,473,https://img.pokemondb.net/sprites/bank/normal/mamoswine.png
473,474,https://img.pokemondb.net/sprites/bank/normal/porygon-z.png
474,475,https://img.pokemondb.net/sprites/bank/normal/gallade.png
475,476,https://img.pokemondb.net/sprites/bank/normal/probopass.png
476,477,https://img.pokemondb.net/sprites/bank/normal/dusknoir.png
477,478,https://img.pokemondb.net/sprites/bank/normal/froslass.png
478,479,https://img.pokemondb.net/sprites/bank/normal/rotom.png
479,480,https://img.pokemondb.net/sprites/bank/normal/uxie.png
480,481,https://img.pokemondb.net/sprites/bank/normal/mesprit.png
481,482,https://img.pokemondb.net/sprites/bank/normal/azelf.png
482,483,https://img.pokemondb.net/sprites/bank/normal/dialga.png
483,484,https://img.pokemondb.net/sprites/bank/normal/palkia.png
484,485,https://img.pokemondb.net/sprites/bank/normal/heatran.png
485,486,https://img.pokemondb.net/sprites/bank/normal/regigigas.png
486,487,https://img.pokemondb.net/sprites/bank/normal/giratina.png
487,488,https://img.pokemondb.net/sprites/bank/normal/cresselia.png
488,489,https://img.pokemondb.net/sprites/bank/normal/phione.png
489,490,https://img.pokemondb.net/sprites/bank/normal/manaphy.png
490,491,https://img.pokemondb.net/sprites/bank/normal/darkrai.png
491,492,https://img.pokemondb.net/sprites/bank/normal/shaymin.png
492,493,https://img.pokemondb.net/sprites/bank/normal/arceus.png
493,494,https://img.pokemondb.net/sprites/bank/normal/victini.png
494,495,https://img.pokemondb.net/sprites/bank/normal/snivy.png
495,496,https://img.pokemondb.net/sprites/bank/normal/servine.png
496,497,https://img.pokemondb.net/sprites/bank/normal/serperior.png
497,498,https://img.pokemondb.net/sprites/bank/normal/tepig.png
498,499,https://img.pokemondb.net/sprites/bank/normal/pignite.png
499,500,https://img.pokemondb.net/sprites/bank/normal/emboar.png
500,501,https://img.pokemondb.net/sprites/bank/normal/oshawott.png
501,502,https://img.pokemondb.net/sprites/bank/normal/dewott.png
502,503,https://img.pokemondb.net/sprites/bank/normal/samurott.png
503,504,https://img.pokemondb.net/sprites/bank/normal/patrat.png
504,505,https://img.pokemondb.net/sprites/bank/normal/watchog.png
505,506,https://img.pokemondb.net/sprites/bank/normal/lillipup.png
506,507,https://img.pokemondb.net/sprites/bank/normal/herdier.png
507,508,https://img.pokemondb.net/sprites/bank/normal/stoutland.png
508,509,https://img.pokemondb.net/sprites/bank/normal/purrloin.png
509,510,https://img.pokemondb.net/sprites/bank/normal/liepard.png
510,511,https://img.pokemondb.net/sprites/bank/normal/pansage.png
511,512,https://img.pokemondb.net/sprites/bank/normal/simisage.png
512,513,https://img.pokemondb.net/sprites/bank/normal/pansear.png
513,514,https://img.pokemondb.net/sprites/bank/normal/simisear.png
514,515,https://img.pokemondb.net/sprites/bank/normal/panpour.png
515,516,https://img.pokemondb.net/sprites/bank/normal/simipour.png
516,517,https://img.pokemondb.net/sprites/bank/normal/munna.png
517,518,https://img.pokemondb.net/sprites/bank/normal/musharna.png
518,519,https://img.pokemondb.net/sprites/bank/normal/pidove.png
519,520,https://img.pokemondb.net/sprites/bank/normal/tranquill.png
520,521,https://img.pokemondb.net/sprites/bank/normal/unfezant.png
521,522,https://img.pokemondb.net/sprites/bank/normal/blitzle.png
522,523,https://img.pokemondb.net/sprites/bank/normal/zebstrika.png
523,524,https://img.pokemondb.net/sprites/bank/normal/roggenrola.png
524,525,https://img.pokemondb.net/sprites/bank/normal/boldore.png
525,526,https://img.pokemondb.net/sprites/bank/normal/gigalith.png
526,527,https://img.pokemondb.net/sprites/bank/normal/woobat.png
527,528,https://img.pokemondb.net/sprites/bank/normal/swoobat.png
528,529,https://img.pokemondb.net/sprites/bank/normal/drilbur.png
529,530,https://img.pokemondb.net/sprites/bank/normal/excadrill.png
530,531,https://img.pokemondb.net/sprites/bank/normal/audino.png
531,532,https://img.pokemondb.net/sprites/bank/normal/timburr.png
532,533,https://img.pokemondb.net/sprites/bank/normal/gurdurr.png
533,534,https://img.pokemondb.net/sprites/bank/normal/conkeldurr.png
534,535,https://img.pokemondb.net/sprites/bank/normal/tympole.png
535,536,https://img.pokemondb.net/sprites/bank/normal/palpitoad.png
536,537,https://img.pokemondb.net/sprites/bank/normal/seismitoad.png
537,538,https://img.pokemondb.net/sprites/bank/normal/throh.png
538,539,https://img.pokemondb.net/sprites/bank/normal/sawk.png
539,540,https://img.pokemondb.net/sprites/bank/normal/sewaddle.png
540,541,https://img.pokemondb.net/sprites/bank/normal/swadloon.png
541,542,https://img.pokemondb.net/sprites/bank/normal/leavanny.png
542,543,https://img.pokemondb.net/sprites/bank/normal/venipede.png
543,544,https://img.pokemondb.net/sprites/bank/normal/whirlipede.png
544,545,https://img.pokemondb.net/sprites/bank/normal/scolipede.png
545,546,https://img.pokemondb.net/sprites/bank/normal/cottonee.png
546,547,https://img.pokemondb.net/sprites/bank/normal/whimsicott.png
547,548,https://img.pokemondb.net/sprites/bank/normal/petilil.png
548,549,https://img.pokemondb.net/sprites/bank/normal/lilligant.png
549,550,https://img.pokemondb.net/sprites/bank/normal/basculin.png
550,551,https://img.pokemondb.net/sprites/bank/normal/sandile.png
551,552,https://img.pokemondb.net/sprites/bank/normal/krokorok.png
552,553,https://img.pokemondb.net/sprites/bank/normal/krookodile.png
553,554,https://img.pokemondb.net/sprites/bank/normal/darumaka.png
554,555,https://img.pokemondb.net/sprites/bank/normal/darmanitan.png
555,556,https://img.pokemondb.net/sprites/bank/normal/maractus.png
556,557,https://img.pokemondb.net/sprites/bank/normal/dwebble.png
557,558,https://img.pokemondb.net/sprites/bank/normal/crustle.png
558,559,https://img.pokemondb.net/sprites/bank/normal/scraggy.png
559,560,https://img.pokemondb.net/sprites/bank/normal/scrafty.png
560,561,https://img.pokemondb.net/sprites/bank/normal/sigilyph.png
561,562,https://img.pokemondb.net/sprites/bank/normal/yamask.png
562,563,https://img.pokemondb.net/sprites/bank/normal/cofagrigus.png
563,564,https://img.pokemondb.net/sprites/bank/normal/tirtouga.png
564,565,https://img.pokemondb.net/sprites/bank/normal/carracosta.png
565,566,https://img.pokemondb.net/sprites/bank/normal/archen.png
566,567,https://img.pokemondb.net/sprites/bank/normal/archeops.png
567,568,https://img.pokemondb.net/sprites/bank/normal/trubbish.png
568,569,https://img.pokemondb.net/sprites/bank/normal/garbodor.png
569,570,https://img.pokemondb.net/sprites/bank/normal/zorua.png
570,571,https://img.pokemondb.net/sprites/bank/normal/zoroark.png
571,572,https://img.pokemondb.net/sprites/bank/normal/minccino.png
572,573,https://img.pokemondb.net/sprites/bank/normal/cinccino.png
573,574,https://img.pokemondb.net/sprites/bank/normal/gothita.png
574,575,https://img.pokemondb.net/sprites/bank/normal/gothorita.png
575,576,https://img.pokemondb.net/sprites/bank/normal/gothitelle.png
576,577,https://img.pokemondb.net/sprites/bank/normal/solosis.png
577,578,https://img.pokemondb.net/sprites/bank/normal/duosion.png
578,579,https://img.pokemondb.net/sprites/bank/normal/reuniclus.png
579,580,https://img.pokemondb.net/sprites/bank/normal/ducklett.png
580,581,https://img.pokemondb.net/sprites/bank/normal/swanna.png
581,582,https://img.pokemondb.net/sprites/bank/normal/vanillite.png
582,583,https://img.pokemondb.net/sprites/bank/normal/vanillish.png
583,584,https://img.pokemondb.net/sprites/bank/normal/vanilluxe.png
584,585,https://img.pokemondb.net/sprites/bank/normal/deerling.png
585,586,https://img.pokemondb.net/sprites/bank/normal/sawsbuck.png
586,587,https://img.pokemondb.net/sprites/bank/normal/emolga.png
587,588,https://img.pokemondb.net/sprites/bank/normal/karrablast.png
588,589,https://img.pokemondb.net/sprites/bank/normal/escavalier.png
589,590,https://img.pokemondb.net/sprites/bank/normal/foongus.png
590,591,https://img.pokemondb.net/sprites/bank/normal/amoonguss.png
591,592,https://img.pokemondb.net/sprites/bank/normal/frillish.png
592,593,https://img.pokemondb.net/sprites/bank/normal/jellicent.png
593,594,https://img.pokemondb.net/sprites/bank/normal/alomomola.png
594,595,https://img.pokemondb.net/sprites/bank/normal/joltik.png
595,596,https://img.pokemondb.net/sprites/bank/normal/galvantula.png
596,597,https://img.pokemondb.net/sprites/bank/normal/ferroseed.png
597,598,https://img.pokemondb.net/sprites/bank/normal/ferrothorn.png
598,599,https://img.pokemondb.net/sprites/bank/normal/klink.png
599,600,https://img.pokemondb.net/sprites/bank/normal/klang.png
600,601,https://img.pokemondb.net/sprites/bank/normal/klinklang.png
601,602,https://img.pokemondb.net/sprites/bank/normal/tynamo.png
602,603,https://img.pokemondb.net/sprites/bank/normal/eelektrik.png
603,604,https://img.pokemondb.net/sprites/bank/normal/eelektross.png
604,605,https://img.pokemondb.net/sprites/bank/normal/elgyem.png
605,606,https://img.pokemondb.net/sprites/bank/normal/beheeyem.png
606,607,https://img.pokemondb.net/sprites/bank/normal/litwick.png
607,608,https://img.pokemondb.net/sprites/bank/normal/lampent.png
608,609,https://img.pokemondb.net/sprites/bank/normal/chandelure.png
609,610,https://img.pokemondb.net/sprites/bank/normal/axew.png
610,611,https://img.pokemondb.net/sprites/bank/normal/fraxure.png
611,612,https://img.pokemondb.net/sprites/bank/normal/haxorus.png
612,613,https://img.pokemondb.net/sprites/bank/normal/cubchoo.png
613,614,https://img.pokemondb.net/sprites/bank/normal/beartic.png
614,615,https://img.pokemondb.net/sprites/bank/normal/cryogonal.png
615,616,https://img.pokemondb.net/sprites/bank/normal/shelmet.png
616,617,https://img.pokemondb.net/sprites/bank/normal/accelgor.png
617,618,https://img.pokemondb.net/sprites/bank/normal/stunfisk.png
618,619,https://img.pokemondb.net/sprites/bank/normal/mienfoo.png
619,620,https://img.pokemondb.net/sprites/bank/normal/mienshao.png
620,621,https://img.pokemondb.net/sprites/bank/normal/druddigon.png
621,622,https://img.pokemondb.net/sprites/bank/normal/golett.png
622,623,https://img.pokemondb.net/sprites/bank/normal/golurk.png
623,624,https://img.pokemondb.net/sprites/bank/normal/pawniard.png
624,625,https://img.pokemondb.net/sprites/bank/normal/bisharp.png
625,626,https://img.pokemondb.net/sprites/bank/normal/bouffalant.png
626,627,https://img.pokemondb.net/sprites/bank/normal/rufflet.png
627,628,https://img.pokemondb.net/sprites/bank/normal/braviary.png
628,629,https://img.pokemondb.net/sprites/bank/normal/vullaby.png
629,630,https://img.pokemondb.net/sprites/bank/normal/mandibuzz.png
630,631,https://img.pokemondb.net/sprites/bank/normal/heatmor.png
631,632,https://img.pokemondb.net/sprites/bank/normal/durant.png
632,633,https://img.pokemondb.net/sprites/bank/normal/deino.png
633,634,https://img.pokemondb.net/sprites/bank/normal/zweilous.png
634,635,https://img.pokemondb.net/sprites/bank/normal/hydreigon.png
635,636,https://img.pokemondb.net/sprites/bank/normal/larvesta.png
636,637,https://img.pokemondb.net/sprites/bank/normal/volcarona.png
637,638,https://img.pokemondb.net/sprites/bank/normal/cobalion.png
638,639,https://img.pokemondb.net/sprites/bank/normal/terrakion.png
639,640,https://img.pokemondb.net/sprites/bank/normal/virizion.png
640,641,https://img.pokemondb.net/sprites/bank/normal/tornadus.png
641,642,https://img.pokemondb.net/sprites/bank/normal/thundurus.png
642,643,https://img.pokemondb.net/sprites/bank/normal/reshiram.png
643,644,https://img.pokemondb.net/sprites/bank/normal/zekrom.png
644,645,https://img.pokemondb.net/sprites/bank/normal/landorus.png
645,646,https://img.pokemondb.net/sprites/bank/normal/kyurem.png
646,647,https://img.pokemondb.net/sprites/bank/normal/keldeo.png
647,648,https://img.pokemondb.net/sprites/bank/normal/meloetta.png
648,649,https://img.pokemondb.net/sprites/bank/normal/genesect.png
649,650,https://img.pokemondb.net/sprites/bank/normal/chespin.png
650,651,https://img.pokemondb.net/sprites/bank/normal/quilladin.png
651,652,https://img.pokemondb.net/sprites/bank/normal/chesnaught.png
652,653,https://img.pokemondb.net/sprites/bank/normal/fennekin.png
653,654,https://img.pokemondb.net/sprites/bank/normal/braixen.png
654,655,https://img.pokemondb.net/sprites/bank/normal/delphox.png
655,656,https://img.pokemondb.net/sprites/bank/normal/froakie.png
656,657,https://img.pokemondb.net/sprites/bank/normal/frogadier.png
657,658,https://img.pokemondb.net/sprites/bank/normal/greninja.png
658,659,https://img.pokemondb.net/sprites/bank/normal/bunnelby.png
659,660,https://img.pokemondb.net/sprites/bank/normal/diggersby.png
660,661,https://img.pokemondb.net/sprites/bank/normal/fletchling.png
661,662,https://img.pokemondb.net/sprites/bank/normal/fletchinder.png
662,663,https://img.pokemondb.net/sprites/bank/normal/talonflame.png
663,664,https://img.pokemondb.net/sprites/bank/normal/scatterbug.png
664,665,https://img.pokemondb.net/sprites/bank/normal/spewpa.png
665,666,https://img.pokemondb.net/sprites/bank/normal/vivillon.png
666,667,https://img.pokemondb.net/sprites/bank/normal/litleo.png
667,668,https://img.pokemondb.net/sprites/bank/normal/pyroar.png
668,669,https://img.pokemondb.net/sprites/bank/normal/flabebe.png
669,670,https://img.pokemondb.net/sprites/bank/normal/floette.png
670,671,https://img.pokemondb.net/sprites/bank/normal/florges.png
671,672,https://img.pokemondb.net/sprites/bank/normal/skiddo.png
672,673,https://img.pokemondb.net/sprites/bank/normal/gogoat.png
673,674,https://img.pokemondb.net/sprites/bank/normal/pancham.png
674,675,https://img.pokemondb.net/sprites/bank/normal/pangoro.png
675,676,https://img.pokemondb.net/sprites/bank/normal/furfrou.png
676,677,https://img.pokemondb.net/sprites/bank/normal/espurr.png
677,678,https://img.pokemondb.net/sprites/bank/normal/meowstic.png
678,679,https://img.pokemondb.net/sprites/bank/normal/honedge.png
679,680,https://img.pokemondb.net/sprites/bank/normal/doublade.png
680,681,https://img.pokemondb.net/sprites/bank/normal/aegislash.png
681,682,https://img.pokemondb.net/sprites/bank/normal/spritzee.png
682,683,https://img.pokemondb.net/sprites/bank/normal/aromatisse.png
683,684,https://img.pokemondb.net/sprites/bank/normal/swirlix.png
684,685,https://img.pokemondb.net/sprites/bank/normal/slurpuff.png
685,686,https://img.pokemondb.net/sprites/bank/normal/inkay.png
686,687,https://img.pokemondb.net/sprites/bank/normal/malamar.png
687,688,https://img.pokemondb.net/sprites/bank/normal/binacle.png
688,689,https://img.pokemondb.net/sprites/bank/normal/barbaracle.png
689,690,https://img.pokemondb.net/sprites/bank/normal/skrelp.png
690,691,https://img.pokemondb.net/sprites/bank/normal/dragalge.png
691,692,https://img.pokemondb.net/sprites/bank/normal/clauncher.png
692,693,https://img.pokemondb.net/sprites/bank/normal/clawitzer.png
693,694,https://img.pokemondb.net/sprites/bank/normal/helioptile.png
694,695,https://img.pokemondb.net/sprites/bank/normal/heliolisk.png
695,696,https://img.pokemondb.net/sprites/bank/normal/tyrunt.png
696,697,https://img.pokemondb.net/sprites/bank/normal/tyrantrum.png
697,698,https://img.pokemondb.net/sprites/bank/normal/amaura.png
698,699,https://img.pokemondb.net/sprites/bank/normal/aurorus.png
699,700,https://img.pokemondb.net/sprites/bank/normal/sylveon.png
700,701,https://img.pokemondb.net/sprites/bank/normal/hawlucha.png
701,702,https://img.pokemondb.net/sprites/bank/normal/dedenne.png
702,703,https://img.pokemondb.net/sprites/bank/normal/carbink.png
703,704,https://img.pokemondb.net/sprites/bank/normal/goomy.png
704,705,https://img.pokemondb.net/sprites/bank/normal/sliggoo.png
705,706,https://img.pokemondb.net/sprites/bank/normal/goodra.png
706,707,https://img.pokemondb.net/sprites/bank/normal/klefki.png
707,708,https://img.pokemondb.net/sprites/bank/normal/phantump.png
708,709,https://img.pokemondb.net/sprites/bank/normal/trevenant.png
709,710,https://img.pokemondb.net/sprites/bank/normal/pumpkaboo.png
710,711,https://img.pokemondb.net/sprites/bank/normal/gourgeist.png
711,712,https://img.pokemondb.net/sprites/bank/normal/bergmite.png
712,713,https://img.pokemondb.net/sprites/bank/normal/avalugg.png
713,714,https://img.pokemondb.net/sprites/bank/normal/noibat.png
714,715,https://img.pokemondb.net/sprites/bank/normal/noivern.png
715,716,https://img.pokemondb.net/sprites/bank/normal/xerneas.png
716,717,https://img.pokemondb.net/sprites/bank/normal/yveltal.png
717,718,https://img.pokemondb.net/sprites/bank/normal/zygarde.png
718,719,https://img.pokemondb.net/sprites/bank/normal/diancie.png
719,720,https://img.pokemondb.net/sprites/bank/normal/hoopa.png
720,721,https://img.pokemondb.net/sprites/bank/normal/volcanion.png
721,722,https://img.pokemondb.net/sprites/bank/normal/rowlet.png
722,723,https://img.pokemondb.net/sprites/bank/normal/dartrix.png
723,724,https://img.pokemondb.net/sprites/bank/normal/decidueye.png
724,725,https://img.pokemondb.net/sprites/bank/normal/litten.png
725,726,https://img.pokemondb.net/sprites/bank/normal/torracat.png
726,727,https://img.pokemondb.net/sprites/bank/normal/incineroar.png
727,728,https://img.pokemondb.net/sprites/bank/normal/popplio.png
728,729,https://img.pokemondb.net/sprites/bank/normal/brionne.png
729,730,https://img.pokemondb.net/sprites/bank/normal/primarina.png
730,731,https://img.pokemondb.net/sprites/bank/normal/pikipek.png
731,732,https://img.pokemondb.net/sprites/bank/normal/trumbeak.png
732,733,https://img.pokemondb.net/sprites/bank/normal/toucannon.png
733,734,https://img.pokemondb.net/sprites/bank/normal/yungoos.png
734,735,https://img.pokemondb.net/sprites/bank/normal/gumshoos.png
735,736,https://img.pokemondb.net/sprites/bank/normal/grubbin.png
736,737,https://img.pokemondb.net/sprites/bank/normal/charjabug.png
737,738,https://img.pokemondb.net/sprites/bank/normal/vikavolt.png
738,739,https://img.pokemondb.net/sprites/bank/normal/crabrawler.png
739,740,https://img.pokemondb.net/sprites/bank/normal/crabominable.png
740,741,https://img.pokemondb.net/sprites/bank/normal/oricorio.png
741,742,https://img.pokemondb.net/sprites/bank/normal/cutiefly.png
742,743,https://img.pokemondb.net/sprites/bank/normal/ribombee.png
743,744,https://img.pokemondb.net/sprites/bank/normal/rockruff.png
744,745,https://img.pokemondb.net/sprites/bank/normal/lycanroc.png
745,746,https://img.pokemondb.net/sprites/bank/normal/wishiwashi.png
746,747,https://img.pokemondb.net/sprites/bank/normal/mareanie.png
747,748,https://img.pokemondb.net/sprites/bank/normal/toxapex.png
748,749,https://img.pokemondb.net/sprites/bank/normal/mudbray.png
749,750,https://img.pokemondb.net/sprites/bank/normal/mudsdale.png
750,751,https://img.pokemondb.net/sprites/bank/normal/dewpider.png
751,752,https://img.pokemondb.net/sprites/bank/normal/araquanid.png
752,753,https://img.pokemondb.net/sprites/bank/normal/fomantis.png
753,754,https://img.pokemondb.net/sprites/bank/normal/lurantis.png
754,755,https://img.pokemondb.net/sprites/bank/normal/morelull.png
755,756,https://img.pokemondb.net/sprites/bank/normal/shiinotic.png
756,757,https://img.pokemondb.net/sprites/bank/normal/salandit.png
757,758,https://img.pokemondb.net/sprites/bank/normal/salazzle.png
758,759,https://img.pokemondb.net/sprites/bank/normal/stufful.png
759,760,https://img.pokemondb.net/sprites/bank/normal/bewear.png
760,761,https://img.pokemondb.net/sprites/bank/normal/bounsweet.png
761,762,https://img.pokemondb.net/sprites/bank/normal/steenee.png
762,763,https://img.pokemondb.net/sprites/bank/normal/tsareena.png
763,764,https://img.pokemondb.net/sprites/bank/normal/comfey.png
764,765,https://img.pokemondb.net/sprites/bank/normal/oranguru.png
765,766,https://img.pokemondb.net/sprites/bank/normal/passimian.png
766,767,https://img.pokemondb.net/sprites/bank/normal/wimpod.png
767,768,https://img.pokemondb.net/sprites/bank/normal/golisopod.png
768,769,https://img.pokemondb.net/sprites/bank/normal/sandygast.png
769,770,https://img.pokemondb.net/sprites/bank/normal/palossand.png
770,771,https://img.pokemondb.net/sprites/bank/normal/pyukumuku.png
771,772,https://img.pokemondb.net/sprites/bank/normal/type-null.png
772,773,https://img.pokemondb.net/sprites/bank/normal/silvally.png
773,774,https://img.pokemondb.net/sprites/bank/normal/minior.png
774,775,https://img.pokemondb.net/sprites/bank/normal/komala.png
775,776,https://img.pokemondb.net/sprites/bank/normal/turtonator.png
776,777,https://img.pokemondb.net/sprites/bank/normal/togedemaru.png
777,778,https://img.pokemondb.net/sprites/bank/normal/mimikyu.png
778,779,https://img.pokemondb.net/sprites/bank/normal/bruxish.png
779,780,https://img.pokemondb.net/sprites/bank/normal/drampa.png
780,781,https://img.pokemondb.net/sprites/bank/normal/dhelmise.png
781,782,https://img.pokemondb.net/sprites/bank/normal/jangmo-o.png
782,783,https://img.pokemondb.net/sprites/bank/normal/hakamo-o.png
783,784,https://img.pokemondb.net/sprites/bank/normal/kommo-o.png
784,785,https://img.pokemondb.net/sprites/bank/normal/tapu-koko.png
785,786,https://img.pokemondb.net/sprites/bank/normal/tapu-lele.png
786,787,https://img.pokemondb.net/sprites/bank/normal/tapu-bulu.png
787,788,https://img.pokemondb.net/sprites/bank/normal/tapu-fini.png
788,789,https://img.pokemondb.net/sprites/bank/normal/cosmog.png
789,790,https://img.pokemondb.net/sprites/bank/normal/cosmoem.png
790,791,https://img.pokemondb.net/sprites/bank/normal/solgaleo.png
791,792,https://img.pokemondb.net/sprites/bank/normal/lunala.png
792,793,https://img.pokemondb.net/sprites/bank/normal/nihilego.png
793,794,https://img.pokemondb.net/sprites/bank/normal/buzzwole.png
794,795,https://img.pokemondb.net/sprites/bank/normal/pheromosa.png
795,796,https://img.pokemondb.net/sprites/bank/normal/xurkitree.png
796,797,https://img.pokemondb.net/sprites/bank/normal/celesteela.png
797,798,https://img.pokemondb.net/sprites/bank/normal/kartana.png
798,799,https://img.pokemondb.net/sprites/bank/normal/guzzlord.png
799,800,https://img.pokemondb.net/sprites/bank/normal/necrozma.png
800,801,https://img.pokemondb.net/sprites/bank/normal/magearna.png
801,802,https://img.pokemondb.net/sprites/bank/normal/marshadow.png
802,803,https://img.pokemondb.net/sprites/bank/normal/poipole.png
803,804,https://img.pokemondb.net/sprites/bank/normal/naganadel.png
804,805,https://img.pokemondb.net/sprites/bank/normal/stakataka.png
805,806,https://img.pokemondb.net/sprites/bank/normal/blacephalon.png
806,807,https://img.pokemondb.net/sprites/bank/normal/zeraora.png
807,808,https://img.pokemondb.net/sprites/bank/normal/meltan.png
808,809,https://img.pokemondb.net/sprites/bank/normal/melmetal.png
809,810,https://img.pokemondb.net/sprites/sword-shield/normal/grookey.png
810,811,https://img.pokemondb.net/sprites/sword-shield/normal/thwackey.png
811,812,https://img.pokemondb.net/sprites/sword-shield/normal/rillaboom.png
812,813,https://img.pokemondb.net/sprites/sword-shield/normal/scorbunny.png
813,814,https://img.pokemondb.net/sprites/sword-shield/normal/raboot.png
814,815,https://img.pokemondb.net/sprites/sword-shield/normal/cinderace.png
815,816,https://img.pokemondb.net/sprites/sword-shield/normal/sobble.png
816,817,https://img.pokemondb.net/sprites/sword-shield/normal/drizzile.png
817,818,https://img.pokemondb.net/sprites/sword-shield/normal/inteleon.png
818,819,https://img.pokemondb.net/sprites/sword-shield/normal/skwovet.png
819,820,https://img.pokemondb.net/sprites/sword-shield/normal/greedent.png
820,821,https://img.pokemondb.net/sprites/sword-shield/normal/rookidee.png
821,822,https://img.pokemondb.net/sprites/sword-shield/normal/corvisquire.png
822,823,https://img.pokemondb.net/sprites/sword-shield/normal/corviknight.png
823,824,https://img.pokemondb.net/sprites/sword-shield/normal/blipbug.png
824,825,https://img.pokemondb.net/sprites/sword-shield/normal/dottler.png
825,826,https://img.pokemondb.net/sprites/sword-shield/normal/orbeetle.png
826,827,https://img.pokemondb.net/sprites/sword-shield/normal/nickit.png
827,828,https://img.pokemondb.net/sprites/sword-shield/normal/thievul.png
828,829,https://img.pokemondb.net/sprites/sword-shield/normal/gossifleur.png
829,830,https://img.pokemondb.net/sprites/sword-shield/normal/eldegoss.png
830,831,https://img.pokemondb.net/sprites/sword-shield/normal/wooloo.png
831,832,https://img.pokemondb.net/sprites/sword-shield/normal/dubwool.png
832,833,https://img.pokemondb.net/sprites/sword-shield/normal/chewtle.png
833,834,https://img.pokemondb.net/sprites/sword-shield/normal/drednaw.png
834,835,https://img.pokemondb.net/sprites/sword-shield/normal/yamper.png
835,836,https://img.pokemondb.net/sprites/sword-shield/normal/boltund.png
836,837,https://img.pokemondb.net/sprites/sword-shield/normal/rolycoly.png
837,838,https://img.pokemondb.net/sprites/sword-shield/normal/carkol.png
838,839,https://img.pokemondb.net/sprites/sword-shield/normal/coalossal.png
839,840,https://img.pokemondb.net/sprites/sword-shield/normal/applin.png
840,841,https://img.pokemondb.net/sprites/sword-shield/normal/flapple.png
841,842,https://img.pokemondb.net/sprites/sword-shield/normal/appletun.png
842,843,https://img.pokemondb.net/sprites/sword-shield/normal/silicobra.png
843,844,https://img.pokemondb.net/sprites/sword-shield/normal/sandaconda.png
844,845,https://img.pokemondb.net/sprites/sword-shield/normal/cramorant.png
845,846,https://img.pokemondb.net/sprites/sword-shield/normal/arrokuda.png
846,847,https://img.pokemondb.net/sprites/sword-shield/normal/barraskewda.png
847,848,https://img.pokemondb.net/sprites/sword-shield/normal/toxel.png
848,849,https://img.pokemondb.net/sprites/sword-shield/normal/toxtricity.png
849,850,https://img.pokemondb.net/sprites/sword-shield/normal/sizzlipede.png
850,851,https://img.pokemondb.net/sprites/sword-shield/normal/centiskorch.png
851,852,https://img.pokemondb.net/sprites/sword-shield/normal/clobbopus.png
852,853,https://img.pokemondb.net/sprites/sword-shield/normal/grapploct.png
853,854,https://img.pokemondb.net/sprites/sword-shield/normal/sinistea.png
854,855,https://img.pokemondb.net/sprites/sword-shield/normal/polteageist.png
855,856,https://img.pokemondb.net/sprites/sword-shield/normal/hatenna.png
856,857,https://img.pokemondb.net/sprites/sword-shield/normal/hattrem.png
857,858,https://img.pokemondb.net/sprites/sword-shield/normal/hatterene.png
858,859,https://img.pokemondb.net/sprites/sword-shield/normal/impidimp.png
859,860,https://img.pokemondb.net/sprites/sword-shield/normal/morgrem.png
860,861,https://img.pokemondb.net/sprites/sword-shield/normal/grimmsnarl.png
861,862,https://img.pokemondb.net/sprites/sword-shield/normal/obstagoon.png
862,863,https://img.pokemondb.net/sprites/sword-shield/normal/perrserker.png
863,864,https://img.pokemondb.net/sprites/sword-shield/normal/cursola.png
864,865,https://img.pokemondb.net/sprites/sword-shield/normal/sirfetchd.png
865,866,https://img.pokemondb.net/sprites/sword-shield/normal/mr-rime.png
866,867,https://img.pokemondb.net/sprites/sword-shield/normal/runerigus.png
867,868,https://img.pokemondb.net/sprites/sword-shield/normal/milcery.png
868,869,https://img.pokemondb.net/sprites/sword-shield/normal/alcremie.png
869,870,https://img.pokemondb.net/sprites/sword-shield/normal/falinks.png
870,871,https://img.pokemondb.net/sprites/sword-shield/normal/pincurchin.png
871,872,https://img.pokemondb.net/sprites/sword-shield/normal/snom.png
872,873,https://img.pokemondb.net/sprites/sword-shield/normal/frosmoth.png
873,874,https://img.pokemondb.net/sprites/sword-shield/normal/stonjourner.png
874,875,https://img.pokemondb.net/sprites/sword-shield/normal/eiscue.png
875,876,https://img.pokemondb.net/sprites/sword-shield/normal/indeedee.png
876,877,https://img.pokemondb.net/sprites/sword-shield/normal/morpeko.png
877,878,https://img.pokemondb.net/sprites/sword-shield/normal/cufant.png
878,879,https://img.pokemondb.net/sprites/sword-shield/normal/copperajah.png
879,880,https://img.pokemondb.net/sprites/sword-shield/normal/dracozolt.png
880,881,https://img.pokemondb.net/sprites/sword-shield/normal/arctozolt.png
881,882,https://img.pokemondb.net/sprites/sword-shield/normal/dracovish.png
882,883,https://img.pokemondb.net/sprites/sword-shield/normal/arctovish.png
883,884,https://img.pokemondb.net/sprites/sword-shield/normal/duraludon.png
884,885,https://img.pokemondb.net/sprites/sword-shield/normal/dreepy.png
885,886,https://img.pokemondb.net/sprites/sword-shield/normal/drakloak.png
886,887,https://img.pokemondb.net/sprites/sword-shield/normal/dragapult.png
887,888,https://img.pokemondb.net/sprites/sword-shield/normal/zacian.png
888,889,https://img.pokemondb.net/sprites/sword-shield/normal/zamazenta.png
889,890,https://img.pokemondb.net/sprites/sword-shield/normal/eternatus.png
890,891,https://img.pokemondb.net/sprites/sword-shield/normal/kubfu.png
891,892,https://img.pokemondb.net/sprites/sword-shield/normal/urshifu.png
892,893,https://img.pokemondb.net/sprites/sword-shield/normal/zarude.png
893,894,https://img.pokemondb.net/sprites/sword-shield/normal/regieleki.png
894,895,https://img.pokemondb.net/sprites/sword-shield/normal/regidrago.png
895,896,https://img.pokemondb.net/sprites/sword-shield/normal/glastrier.png
896,897,https://img.pokemondb.net/sprites/sword-shield/normal/spectrier.png
897,898,https://img.pokemondb.net/sprites/sword-shield/normal/calyrex.png
